{
  "n_tasks": 17,
  "single": {
    "deepseek-v4-flash": {
      "pass": 0.7647058823529411,
      "cost": 0.012310620000000001,
      "latency_p50": 19.987690210342407
    },
    "gpt-5.4-nano": {
      "pass": 0.8235294117647058,
      "cost": 0.0125424,
      "latency_p50": 5.137401580810547
    },
    "gpt-5.4-mini": {
      "pass": 0.8823529411764706,
      "cost": 0.22287525,
      "latency_p50": 20.870166063308716
    },
    "gemini-3.5-flash": {
      "pass": 0.5882352941176471,
      "cost": 0.496884,
      "latency_p50": 14.636829853057861
    }
  },
  "router": {
    "0.4": {
      "pass": 0.7647058823529411,
      "cost": 0.012310620000000001
    },
    "0.5": {
      "pass": 0.7647058823529411,
      "cost": 0.012310620000000001
    },
    "0.6": {
      "pass": 0.7058823529411765,
      "cost": 0.01459787
    },
    "0.7": {
      "pass": 0.7647058823529411,
      "cost": 0.05241979000000001
    },
    "0.8": {
      "pass": 0.7647058823529411,
      "cost": 0.16187254
    },
    "0.9": {
      "pass": 0.7647058823529411,
      "cost": 0.16187254
    }
  },
  "k_ablation": {
    "1": {
      "pass": 0.7058823529411765,
      "cost": 0.01314373
    },
    "2": {
      "pass": 0.7058823529411765,
      "cost": 0.05440806
    },
    "4": {
      "pass": 0.7647058823529411,
      "cost": 0.01490322
    },
    "8": {
      "pass": 0.7058823529411765,
      "cost": 0.01459787
    },
    "12": {
      "pass": 0.7647058823529411,
      "cost": 0.012310620000000001
    },
    "16": {
      "pass": 0.7647058823529411,
      "cost": 0.012310620000000001
    }
  },
  "backend": {
    "pybed": {
      "pass": 0.7058823529411765,
      "cost": 0.01459787
    },
    "hash": {
      "pass": 0.7647058823529411,
      "cost": 0.012310620000000001
    }
  },
  "cascade": {
    "price_order": {
      "pass": 1.0,
      "cost": 0.05799107
    },
    "router_start_0.5": {
      "pass": 1.0,
      "cost": 0.05799107
    },
    "router_start_0.6": {
      "pass": 1.0,
      "cost": 0.07118407
    },
    "router_start_0.7": {
      "pass": 0.9411764705882353,
      "cost": 0.16660744000000002
    }
  },
  "oracle": {
    "pass": 1.0,
    "cost": 0.0458242
  }
}